row_id,source_id,lineage_id,species,sample_class,system_class,endpoint_class,frequency_hz,field_type,amplitude_value_si,amplitude_original,waveform,duty_cycle,exposure_duration_s,repeated_exposure_count,geometry_or_orientation,sham_control_present,reported_direction,reported_significance,effect_size_value,effect_size_type,mechanism_claim_class,bubble_from,bubble_to,value_origin,source_locator,extraction_note
RB3R2-S006-01,RB2-S006,L004,HUMAN,PRIMARY_EPIDERMAL_STEM_CELLS,IN_VITRO_HUMAN_EPIDERMAL_STEM_CELLS,PROLIFERATION,1,MAGNETIC,0.005,5 mT,SINUSOIDAL,,1800,3,,true,INCREASE,SIGNIFICANT,,,UNRESOLVED,B0_FIELD,B4_CELL_BEHAVIOR_PATTERN,DERIVED_UNIT_CONVERSION,https://www.researchgate.net/publication/230749972_Effects_of_low_frequency_electromagnetic_field_on_proliferation_of_human_epidermal_stem_cells_An_in_vitro_study,"Figure 2; MTT assay; signal interpreted as cell proliferation by authors; MTT metabolic readout is an indirect proliferation proxy; group-level significance only, exact per-arm p/mean not extracted; NULL does not mean zero effect."
RB3R2-S006-02,RB2-S006,L004,HUMAN,PRIMARY_EPIDERMAL_STEM_CELLS,IN_VITRO_HUMAN_EPIDERMAL_STEM_CELLS,PROLIFERATION,1,MAGNETIC,0.005,5 mT,SINUSOIDAL,,1800,5,,true,INCREASE,SIGNIFICANT,,,UNRESOLVED,B0_FIELD,B4_CELL_BEHAVIOR_PATTERN,DERIVED_UNIT_CONVERSION,https://www.researchgate.net/publication/230749972_Effects_of_low_frequency_electromagnetic_field_on_proliferation_of_human_epidermal_stem_cells_An_in_vitro_study,"Figure 2; MTT assay; signal interpreted as cell proliferation by authors; MTT metabolic readout is an indirect proliferation proxy; group-level significance only, exact per-arm p/mean not extracted; NULL does not mean zero effect."
RB3R2-S006-03,RB2-S006,L004,HUMAN,PRIMARY_EPIDERMAL_STEM_CELLS,IN_VITRO_HUMAN_EPIDERMAL_STEM_CELLS,PROLIFERATION,1,MAGNETIC,0.005,5 mT,SINUSOIDAL,,1800,7,,true,INCREASE,SIGNIFICANT,,,UNRESOLVED,B0_FIELD,B4_CELL_BEHAVIOR_PATTERN,DERIVED_UNIT_CONVERSION,https://www.researchgate.net/publication/230749972_Effects_of_low_frequency_electromagnetic_field_on_proliferation_of_human_epidermal_stem_cells_An_in_vitro_study,"Figure 2; MTT assay; signal interpreted as cell proliferation by authors; MTT metabolic readout is an indirect proliferation proxy; group-level significance only, exact per-arm p/mean not extracted; NULL does not mean zero effect."
RB3R2-S006-04,RB2-S006,L004,HUMAN,PRIMARY_EPIDERMAL_STEM_CELLS,IN_VITRO_HUMAN_EPIDERMAL_STEM_CELLS,PROLIFERATION,10,MAGNETIC,0.005,5 mT,SINUSOIDAL,,1800,3,,true,INCREASE,SIGNIFICANT,,,UNRESOLVED,B0_FIELD,B4_CELL_BEHAVIOR_PATTERN,DERIVED_UNIT_CONVERSION,https://www.researchgate.net/publication/230749972_Effects_of_low_frequency_electromagnetic_field_on_proliferation_of_human_epidermal_stem_cells_An_in_vitro_study,"Figure 2; MTT assay; signal interpreted as cell proliferation by authors; MTT metabolic readout is an indirect proliferation proxy; group-level significance only, exact per-arm p/mean not extracted; NULL does not mean zero effect."
RB3R2-S006-05,RB2-S006,L004,HUMAN,PRIMARY_EPIDERMAL_STEM_CELLS,IN_VITRO_HUMAN_EPIDERMAL_STEM_CELLS,PROLIFERATION,10,MAGNETIC,0.005,5 mT,SINUSOIDAL,,1800,5,,true,INCREASE,SIGNIFICANT,,,UNRESOLVED,B0_FIELD,B4_CELL_BEHAVIOR_PATTERN,DERIVED_UNIT_CONVERSION,https://www.researchgate.net/publication/230749972_Effects_of_low_frequency_electromagnetic_field_on_proliferation_of_human_epidermal_stem_cells_An_in_vitro_study,"Figure 2; MTT assay; signal interpreted as cell proliferation by authors; MTT metabolic readout is an indirect proliferation proxy; group-level significance only, exact per-arm p/mean not extracted; NULL does not mean zero effect."
RB3R2-S006-06,RB2-S006,L004,HUMAN,PRIMARY_EPIDERMAL_STEM_CELLS,IN_VITRO_HUMAN_EPIDERMAL_STEM_CELLS,PROLIFERATION,10,MAGNETIC,0.005,5 mT,SINUSOIDAL,,1800,7,,true,INCREASE,SIGNIFICANT,,,UNRESOLVED,B0_FIELD,B4_CELL_BEHAVIOR_PATTERN,DERIVED_UNIT_CONVERSION,https://www.researchgate.net/publication/230749972_Effects_of_low_frequency_electromagnetic_field_on_proliferation_of_human_epidermal_stem_cells_An_in_vitro_study,"Figure 2; MTT assay; signal interpreted as cell proliferation by authors; MTT metabolic readout is an indirect proliferation proxy; group-level significance only, exact per-arm p/mean not extracted; NULL does not mean zero effect."
RB3R2-S006-07,RB2-S006,L004,HUMAN,PRIMARY_EPIDERMAL_STEM_CELLS,IN_VITRO_HUMAN_EPIDERMAL_STEM_CELLS,PROLIFERATION,50,MAGNETIC,0.005,5 mT,SINUSOIDAL,,1800,3,,true,INCREASE,SIGNIFICANT,,,UNRESOLVED,B0_FIELD,B4_CELL_BEHAVIOR_PATTERN,DERIVED_UNIT_CONVERSION,https://www.researchgate.net/publication/230749972_Effects_of_low_frequency_electromagnetic_field_on_proliferation_of_human_epidermal_stem_cells_An_in_vitro_study,"Figure 2; MTT assay; signal interpreted as cell proliferation by authors; MTT metabolic readout is an indirect proliferation proxy; group-level significance only, exact per-arm p/mean not extracted; NULL does not mean zero effect."
RB3R2-S006-08,RB2-S006,L004,HUMAN,PRIMARY_EPIDERMAL_STEM_CELLS,IN_VITRO_HUMAN_EPIDERMAL_STEM_CELLS,PROLIFERATION,50,MAGNETIC,0.005,5 mT,SINUSOIDAL,,1800,5,,true,INCREASE,SIGNIFICANT,,,UNRESOLVED,B0_FIELD,B4_CELL_BEHAVIOR_PATTERN,DERIVED_UNIT_CONVERSION,https://www.researchgate.net/publication/230749972_Effects_of_low_frequency_electromagnetic_field_on_proliferation_of_human_epidermal_stem_cells_An_in_vitro_study,"Figure 2; MTT assay; signal interpreted as cell proliferation by authors; MTT metabolic readout is an indirect proliferation proxy; group-level significance only, exact per-arm p/mean not extracted; NULL does not mean zero effect."
RB3R2-S006-09,RB2-S006,L004,HUMAN,PRIMARY_EPIDERMAL_STEM_CELLS,IN_VITRO_HUMAN_EPIDERMAL_STEM_CELLS,PROLIFERATION,50,MAGNETIC,0.005,5 mT,SINUSOIDAL,,1800,7,,true,INCREASE,SIGNIFICANT,,,UNRESOLVED,B0_FIELD,B4_CELL_BEHAVIOR_PATTERN,DERIVED_UNIT_CONVERSION,https://www.researchgate.net/publication/230749972_Effects_of_low_frequency_electromagnetic_field_on_proliferation_of_human_epidermal_stem_cells_An_in_vitro_study,"Figure 2; MTT assay; signal interpreted as cell proliferation by authors; MTT metabolic readout is an indirect proliferation proxy; group-level significance only, exact per-arm p/mean not extracted; NULL does not mean zero effect."
RB3R2-S010-01,RB2-S010,L007,HUMAN,ADULT_DERMAL_FIBROBLASTS,IN_VITRO_HUMAN_DERMAL_FIBROBLASTS,PROLIFERATION,5,MAGNETIC,0.00025,0.25 mT,NOMINAL_SINUSOIDAL_HARMONICS_REPORTED,,5400,1,,true,DECREASE,SIGNIFICANT,,,UNRESOLVED,B0_FIELD,B4_CELL_BEHAVIOR_PATTERN,DERIVED_UNIT_CONVERSION,https://www.researchgate.net/publication/303769105_Effects_of_extremely_low-frequency_magnetotherapy_on_proliferation_of_human_dermal_fibroblasts,"Figure 4 and Figure 5; 24h cell proliferation / growth ratio; Single 1.5h exposure, response assessed at 24h; nominal sine field has measured higher harmonics; NULL = reported no significant change, not biological equivalence."
RB3R2-S010-02,RB2-S010,L007,HUMAN,ADULT_DERMAL_FIBROBLASTS,IN_VITRO_HUMAN_DERMAL_FIBROBLASTS,SURVIVAL,5,MAGNETIC,0.00025,0.25 mT,NOMINAL_SINUSOIDAL_HARMONICS_REPORTED,,5400,1,,true,NULL,NOT_REPORTED,,,UNRESOLVED,B0_FIELD,B4_CELL_BEHAVIOR_PATTERN,DERIVED_UNIT_CONVERSION,https://www.researchgate.net/publication/303769105_Effects_of_extremely_low-frequency_magnetotherapy_on_proliferation_of_human_dermal_fibroblasts,"Figure 3 / Results viability; Trypan blue cell viability; Single 1.5h exposure, response assessed at 24h; nominal sine field has measured higher harmonics; NULL = reported no significant change, not biological equivalence."
RB3R2-S010-03,RB2-S010,L007,HUMAN,ADULT_DERMAL_FIBROBLASTS,IN_VITRO_HUMAN_DERMAL_FIBROBLASTS,PROLIFERATION,5,MAGNETIC,0.0005,0.5 mT,NOMINAL_SINUSOIDAL_HARMONICS_REPORTED,,5400,1,,true,DECREASE,SIGNIFICANT,,,UNRESOLVED,B0_FIELD,B4_CELL_BEHAVIOR_PATTERN,DERIVED_UNIT_CONVERSION,https://www.researchgate.net/publication/303769105_Effects_of_extremely_low-frequency_magnetotherapy_on_proliferation_of_human_dermal_fibroblasts,"Figure 4 and Figure 5; 24h cell proliferation / growth ratio; Single 1.5h exposure, response assessed at 24h; nominal sine field has measured higher harmonics; NULL = reported no significant change, not biological equivalence."
RB3R2-S010-04,RB2-S010,L007,HUMAN,ADULT_DERMAL_FIBROBLASTS,IN_VITRO_HUMAN_DERMAL_FIBROBLASTS,SURVIVAL,5,MAGNETIC,0.0005,0.5 mT,NOMINAL_SINUSOIDAL_HARMONICS_REPORTED,,5400,1,,true,NULL,NOT_REPORTED,,,UNRESOLVED,B0_FIELD,B4_CELL_BEHAVIOR_PATTERN,DERIVED_UNIT_CONVERSION,https://www.researchgate.net/publication/303769105_Effects_of_extremely_low-frequency_magnetotherapy_on_proliferation_of_human_dermal_fibroblasts,"Figure 3 / Results viability; Trypan blue cell viability; Single 1.5h exposure, response assessed at 24h; nominal sine field has measured higher harmonics; NULL = reported no significant change, not biological equivalence."
RB3R2-S010-05,RB2-S010,L007,HUMAN,ADULT_DERMAL_FIBROBLASTS,IN_VITRO_HUMAN_DERMAL_FIBROBLASTS,PROLIFERATION,5,MAGNETIC,0.0008,0.8 mT,NOMINAL_SINUSOIDAL_HARMONICS_REPORTED,,5400,1,,true,DECREASE,SIGNIFICANT,,,UNRESOLVED,B0_FIELD,B4_CELL_BEHAVIOR_PATTERN,DERIVED_UNIT_CONVERSION,https://www.researchgate.net/publication/303769105_Effects_of_extremely_low-frequency_magnetotherapy_on_proliferation_of_human_dermal_fibroblasts,"Figure 4 and Figure 5; 24h cell proliferation / growth ratio; Single 1.5h exposure, response assessed at 24h; nominal sine field has measured higher harmonics; NULL = reported no significant change, not biological equivalence."
RB3R2-S010-06,RB2-S010,L007,HUMAN,ADULT_DERMAL_FIBROBLASTS,IN_VITRO_HUMAN_DERMAL_FIBROBLASTS,SURVIVAL,5,MAGNETIC,0.0008,0.8 mT,NOMINAL_SINUSOIDAL_HARMONICS_REPORTED,,5400,1,,true,NULL,NOT_REPORTED,,,UNRESOLVED,B0_FIELD,B4_CELL_BEHAVIOR_PATTERN,DERIVED_UNIT_CONVERSION,https://www.researchgate.net/publication/303769105_Effects_of_extremely_low-frequency_magnetotherapy_on_proliferation_of_human_dermal_fibroblasts,"Figure 3 / Results viability; Trypan blue cell viability; Single 1.5h exposure, response assessed at 24h; nominal sine field has measured higher harmonics; NULL = reported no significant change, not biological equivalence."
RB3R2-S010-07,RB2-S010,L007,HUMAN,ADULT_DERMAL_FIBROBLASTS,IN_VITRO_HUMAN_DERMAL_FIBROBLASTS,PROLIFERATION,50,MAGNETIC,0.0005,0.5 mT,NOMINAL_SINUSOIDAL_HARMONICS_REPORTED,,5400,1,,true,NULL,NOT_SIGNIFICANT,,,UNRESOLVED,B0_FIELD,B4_CELL_BEHAVIOR_PATTERN,DERIVED_UNIT_CONVERSION,https://www.researchgate.net/publication/303769105_Effects_of_extremely_low-frequency_magnetotherapy_on_proliferation_of_human_dermal_fibroblasts,"Figure 4 and Figure 5; 24h cell proliferation / growth ratio; Single 1.5h exposure, response assessed at 24h; nominal sine field has measured higher harmonics; NULL = reported no significant change, not biological equivalence."
RB3R2-S010-08,RB2-S010,L007,HUMAN,ADULT_DERMAL_FIBROBLASTS,IN_VITRO_HUMAN_DERMAL_FIBROBLASTS,SURVIVAL,50,MAGNETIC,0.0005,0.5 mT,NOMINAL_SINUSOIDAL_HARMONICS_REPORTED,,5400,1,,true,NULL,NOT_REPORTED,,,UNRESOLVED,B0_FIELD,B4_CELL_BEHAVIOR_PATTERN,DERIVED_UNIT_CONVERSION,https://www.researchgate.net/publication/303769105_Effects_of_extremely_low-frequency_magnetotherapy_on_proliferation_of_human_dermal_fibroblasts,"Figure 3 / Results viability; Trypan blue cell viability; Single 1.5h exposure, response assessed at 24h; nominal sine field has measured higher harmonics; NULL = reported no significant change, not biological equivalence."
RB3R2-S010-09,RB2-S010,L007,HUMAN,ADULT_DERMAL_FIBROBLASTS,IN_VITRO_HUMAN_DERMAL_FIBROBLASTS,PROLIFERATION,50,MAGNETIC,0.0008,0.8 mT,NOMINAL_SINUSOIDAL_HARMONICS_REPORTED,,5400,1,,true,DECREASE,SIGNIFICANT,,,UNRESOLVED,B0_FIELD,B4_CELL_BEHAVIOR_PATTERN,DERIVED_UNIT_CONVERSION,https://www.researchgate.net/publication/303769105_Effects_of_extremely_low-frequency_magnetotherapy_on_proliferation_of_human_dermal_fibroblasts,"Figure 4 and Figure 5; 24h cell proliferation / growth ratio; Single 1.5h exposure, response assessed at 24h; nominal sine field has measured higher harmonics; NULL = reported no significant change, not biological equivalence."
RB3R2-S010-10,RB2-S010,L007,HUMAN,ADULT_DERMAL_FIBROBLASTS,IN_VITRO_HUMAN_DERMAL_FIBROBLASTS,SURVIVAL,50,MAGNETIC,0.0008,0.8 mT,NOMINAL_SINUSOIDAL_HARMONICS_REPORTED,,5400,1,,true,NULL,NOT_REPORTED,,,UNRESOLVED,B0_FIELD,B4_CELL_BEHAVIOR_PATTERN,DERIVED_UNIT_CONVERSION,https://www.researchgate.net/publication/303769105_Effects_of_extremely_low-frequency_magnetotherapy_on_proliferation_of_human_dermal_fibroblasts,"Figure 3 / Results viability; Trypan blue cell viability; Single 1.5h exposure, response assessed at 24h; nominal sine field has measured higher harmonics; NULL = reported no significant change, not biological equivalence."
RB3R2-S010-11,RB2-S010,L007,HUMAN,ADULT_DERMAL_FIBROBLASTS,IN_VITRO_HUMAN_DERMAL_FIBROBLASTS,PROLIFERATION,50,MAGNETIC,0.0016,1.6 mT,NOMINAL_SINUSOIDAL_HARMONICS_REPORTED,,5400,1,,true,NULL,NOT_SIGNIFICANT,,,UNRESOLVED,B0_FIELD,B4_CELL_BEHAVIOR_PATTERN,DERIVED_UNIT_CONVERSION,https://www.researchgate.net/publication/303769105_Effects_of_extremely_low-frequency_magnetotherapy_on_proliferation_of_human_dermal_fibroblasts,"Figure 4 and Figure 5; 24h cell proliferation / growth ratio; Single 1.5h exposure, response assessed at 24h; nominal sine field has measured higher harmonics; NULL = reported no significant change, not biological equivalence."
RB3R2-S010-12,RB2-S010,L007,HUMAN,ADULT_DERMAL_FIBROBLASTS,IN_VITRO_HUMAN_DERMAL_FIBROBLASTS,SURVIVAL,50,MAGNETIC,0.0016,1.6 mT,NOMINAL_SINUSOIDAL_HARMONICS_REPORTED,,5400,1,,true,NULL,NOT_REPORTED,,,UNRESOLVED,B0_FIELD,B4_CELL_BEHAVIOR_PATTERN,DERIVED_UNIT_CONVERSION,https://www.researchgate.net/publication/303769105_Effects_of_extremely_low-frequency_magnetotherapy_on_proliferation_of_human_dermal_fibroblasts,"Figure 3 / Results viability; Trypan blue cell viability; Single 1.5h exposure, response assessed at 24h; nominal sine field has measured higher harmonics; NULL = reported no significant change, not biological equivalence."
RB3R2-S011-01,RB2-S011,L008,HUMAN,MCF7_BREAST_CARCINOMA_CELLS,IN_VITRO_MCF7_HUMAN_CANCER_CELL_LINE,PROLIFERATION,50,MAGNETIC,0.00002,20 uT,SINUSOIDAL,,86400,,,true,NULL,NOT_REPORTED,,,UNRESOLVED,B0_FIELD,B4_CELL_BEHAVIOR_PATTERN,DERIVED_UNIT_CONVERSION,https://pubmed.ncbi.nlm.nih.gov/11510961/,"Study abstract / Results summary; MCF-7 cell growth/proliferation (study reports cell growth, BrdU and cell-cycle assays); Continuous 1 or 4 day exposure is source stated; NULL encodes author-reported no appreciable effect, NOT equivalence. This is a cancer-cell line, not regenerating tissue."
RB3R2-S011-02,RB2-S011,L008,HUMAN,MCF7_BREAST_CARCINOMA_CELLS,IN_VITRO_MCF7_HUMAN_CANCER_CELL_LINE,SURVIVAL,50,MAGNETIC,0.00002,20 uT,SINUSOIDAL,,86400,,,true,NULL,NOT_REPORTED,,,UNRESOLVED,B0_FIELD,B4_CELL_BEHAVIOR_PATTERN,DERIVED_UNIT_CONVERSION,https://pubmed.ncbi.nlm.nih.gov/11510961/,"Study abstract / Results summary; Trypan blue cell viability; Continuous 1 or 4 day exposure is source stated; NULL encodes author-reported no appreciable effect, NOT equivalence. This is a cancer-cell line, not regenerating tissue."
RB3R2-S011-03,RB2-S011,L008,HUMAN,MCF7_BREAST_CARCINOMA_CELLS,IN_VITRO_MCF7_HUMAN_CANCER_CELL_LINE,PROLIFERATION,50,MAGNETIC,0.00002,20 uT,SINUSOIDAL,,345600,,,true,NULL,NOT_REPORTED,,,UNRESOLVED,B0_FIELD,B4_CELL_BEHAVIOR_PATTERN,DERIVED_UNIT_CONVERSION,https://pubmed.ncbi.nlm.nih.gov/11510961/,"Study abstract / Results summary; MCF-7 cell growth/proliferation (study reports cell growth, BrdU and cell-cycle assays); Continuous 1 or 4 day exposure is source stated; NULL encodes author-reported no appreciable effect, NOT equivalence. This is a cancer-cell line, not regenerating tissue."
RB3R2-S011-04,RB2-S011,L008,HUMAN,MCF7_BREAST_CARCINOMA_CELLS,IN_VITRO_MCF7_HUMAN_CANCER_CELL_LINE,SURVIVAL,50,MAGNETIC,0.00002,20 uT,SINUSOIDAL,,345600,,,true,NULL,NOT_REPORTED,,,UNRESOLVED,B0_FIELD,B4_CELL_BEHAVIOR_PATTERN,DERIVED_UNIT_CONVERSION,https://pubmed.ncbi.nlm.nih.gov/11510961/,"Study abstract / Results summary; Trypan blue cell viability; Continuous 1 or 4 day exposure is source stated; NULL encodes author-reported no appreciable effect, NOT equivalence. This is a cancer-cell line, not regenerating tissue."
RB3R2-S011-05,RB2-S011,L008,HUMAN,MCF7_BREAST_CARCINOMA_CELLS,IN_VITRO_MCF7_HUMAN_CANCER_CELL_LINE,PROLIFERATION,50,MAGNETIC,0.0005,500 uT,SINUSOIDAL,,86400,,,true,NULL,NOT_REPORTED,,,UNRESOLVED,B0_FIELD,B4_CELL_BEHAVIOR_PATTERN,DERIVED_UNIT_CONVERSION,https://pubmed.ncbi.nlm.nih.gov/11510961/,"Study abstract / Results summary; MCF-7 cell growth/proliferation (study reports cell growth, BrdU and cell-cycle assays); Continuous 1 or 4 day exposure is source stated; NULL encodes author-reported no appreciable effect, NOT equivalence. This is a cancer-cell line, not regenerating tissue."
RB3R2-S011-06,RB2-S011,L008,HUMAN,MCF7_BREAST_CARCINOMA_CELLS,IN_VITRO_MCF7_HUMAN_CANCER_CELL_LINE,SURVIVAL,50,MAGNETIC,0.0005,500 uT,SINUSOIDAL,,86400,,,true,NULL,NOT_REPORTED,,,UNRESOLVED,B0_FIELD,B4_CELL_BEHAVIOR_PATTERN,DERIVED_UNIT_CONVERSION,https://pubmed.ncbi.nlm.nih.gov/11510961/,"Study abstract / Results summary; Trypan blue cell viability; Continuous 1 or 4 day exposure is source stated; NULL encodes author-reported no appreciable effect, NOT equivalence. This is a cancer-cell line, not regenerating tissue."
RB3R2-S011-07,RB2-S011,L008,HUMAN,MCF7_BREAST_CARCINOMA_CELLS,IN_VITRO_MCF7_HUMAN_CANCER_CELL_LINE,PROLIFERATION,50,MAGNETIC,0.0005,500 uT,SINUSOIDAL,,345600,,,true,NULL,NOT_REPORTED,,,UNRESOLVED,B0_FIELD,B4_CELL_BEHAVIOR_PATTERN,DERIVED_UNIT_CONVERSION,https://pubmed.ncbi.nlm.nih.gov/11510961/,"Study abstract / Results summary; MCF-7 cell growth/proliferation (study reports cell growth, BrdU and cell-cycle assays); Continuous 1 or 4 day exposure is source stated; NULL encodes author-reported no appreciable effect, NOT equivalence. This is a cancer-cell line, not regenerating tissue."
RB3R2-S011-08,RB2-S011,L008,HUMAN,MCF7_BREAST_CARCINOMA_CELLS,IN_VITRO_MCF7_HUMAN_CANCER_CELL_LINE,SURVIVAL,50,MAGNETIC,0.0005,500 uT,SINUSOIDAL,,345600,,,true,NULL,NOT_REPORTED,,,UNRESOLVED,B0_FIELD,B4_CELL_BEHAVIOR_PATTERN,DERIVED_UNIT_CONVERSION,https://pubmed.ncbi.nlm.nih.gov/11510961/,"Study abstract / Results summary; Trypan blue cell viability; Continuous 1 or 4 day exposure is source stated; NULL encodes author-reported no appreciable effect, NOT equivalence. This is a cancer-cell line, not regenerating tissue."
